Métrica,Genetico,Hill Climbing,Simulated Annealing
Singles,52.2,87.26666666666667,78.66666666666667
Doubles,20.8,17.933333333333334,15.066666666666666
Triples,5.6,5.133333333333334,3.6
Tetrises,2.7333333333333334,1.8666666666666667,1.2
