Métrica,Genetico,Hill Climbing,Simulated Annealing
Singles,16.31038232012271,18.568278121057762,31.851590376679926
Doubles,7.957027442097062,5.496319114600589,6.099960967868878
Triples,1.8822478962286406,2.099886618254378,1.8822478962286402
Tetrises,1.791514389985135,0.8338093878327919,1.2649110640673518
