Algoritmo,Puntaje_promedio,Puntaje_std,Tiempo_promedio,Tiempo_std
Genetico,99380.0,41228.963467099544,0.0038976984421411603,0.0006027279001748335
Hill Climbing,128940.0,32083.213234159874,0.0022470274368921535,0.0003573750602314098
Simulated Annealing,101093.33333333333,49956.058786936046,0.0023404262463251266,0.0005973911068839896
