Métrica,Genetico,Genetico nuevo,Hill Climbing,Simulated Annealing
Singles,54.53333333333333,22.6,94.53333333333333,80.46666666666667
Doubles,17.266666666666666,8.333333333333334,17.0,14.2
Triples,4.8,2.2666666666666666,3.7333333333333334,4.866666666666666
Tetrises,1.7333333333333334,0.6,0.8666666666666667,1.6666666666666667
