Métrica,Genetico,Hill Climbing,Simulated Annealing
Singles,55.2,84.0,69.73333333333333
Doubles,22.133333333333333,16.666666666666668,18.533333333333335
Triples,6.933333333333334,5.133333333333334,4.733333333333333
Tetrises,3.2666666666666666,2.1333333333333333,1.8666666666666667
