Algoritmo,Nivel_promedio,Nivel_std,Puntaje_promedio,Puntaje_std
Genetico,11.533333333333333,4.564876256602718,87313.33333333333,53843.80673586819
Genetico nuevo,5.466666666666667,4.155317877932646,25340.0,36280.23468186815
Hill Climbing,14.733333333333333,3.2396354880199243,122640.0,38672.46713471633
Simulated Annealing,13.6,4.239272174728649,111466.66666666667,50367.17563009049
